Workbook

Sheet Instruções
B2: CONTROLE INTERNO DE EXECUÇÃO DO PLAC — GCC
B4: Para que serve | C4: Instrumento interno da GCC para monitorar a execução do PLAC e apurar os indicadores do Anexo IV da Diretriz. Não integra a Diretriz e pode ser alterado pela GCC a qualquer tempo.
B6: Rotina de alimentação
B7: Aba Execução | C7: Uma linha por processo de contratação, aberta quando o processo chega à GCC. As datas são registradas ao longo da tramitação.
B8: Aba Alterações | C8: Uma linha por alteração do PLAC aprovada em REDIR. Registre no mesmo dia da deliberação: este dado não pode ser reconstruído depois.
B9: Aba Painel | C9: Informe o período e os dois parâmetros em amarelo. Os indicadores são calculados automaticamente.
B10: Periodicidade | C10: Apuração quadrimestral, com posições em 30/04, 31/08 e 31/12, para o Relatório Gerencial previsto no art. 46 da Diretriz.
B12: Como os indicadores são calculados
B13: TEP (I) | C13: Itens com data pretendida de assinatura no período que efetivamente foram assinados no período, dividido pelo total de itens com data pretendida no período.
B14: IAC (II) | C14: Processos que entraram na GCC até a data-limite do Calendário, dividido pelos processos que entraram no período.
B15: ICNP (III) | C15: Inclusões aprovadas no período (art. 34, I), divididas pelos itens do PLAC vigente ao final do período.
B16: IAP (IV) | C16: Todas as alterações aprovadas no período, divididas pelos itens do PLAC aprovado em novembro.
B17: TMP (V) | C17: Média de dias úteis entre a entrada na GCC e a assinatura, das contratações concluídas no período. Também apurado por forma de contratação.
B18: Complementares | C18: Índice de devolução, tempo médio de saneamento pela área e tempo médio de análise jurídica. Explicam as causas dos desvios dos demais.
B20: Cuidados
B21: Feriados | C21: A aba Listas traz o calendário de feriados usado no cálculo de dias úteis. Confira e atualize a cada exercício.
B22: Prazos do Anexo III | C22: A coluna de prazos da aba Listas reproduz o Anexo III da Diretriz. Se o Anexo for atualizado, atualize também esta lista.
B23: Linhas de exemplo | C23: As linhas em amarelo das abas Execução e Alterações são demonstrativas e devem ser excluídas antes do uso.
B24: Leitura dos resultados | C24: As faixas de referência são preliminares. O primeiro exercício constitui a linha de base, e as metas serão fixadas pela DAFRI a partir do segundo ciclo.

Sheet Painel
B2: APURAÇÃO DOS INDICADORES DO PLAC — ANEXO IV
B3: Preencha o período e os parâmetros. Os indicadores são calculados automaticamente a partir das abas Execução e Alterações.
B5: Início do período de apuração | C5: 46388
B6: Fim do período de apuração | C6: 46752
B7: Itens do PLAC aprovado (nov/2026) | C7: 120
B8: Itens do PLAC vigente ao final do período | C8: 125
A11: Ind. | B11: Indicador | C11: Resultado | E11: Faixa de referência | F11: Situação
A12: I | B12: Taxa de execução do PLAC — TEP (itens) | C12: =IFERROR(COUNTIFS('Execução'!$I$7:$I$206,">="&$C$5,'Execução'!$I$7:$I$206,"<="&$C$6,'Execução'!$P$7:$P$206,">="&$C$5,'Execução'!$P$7:$P$206,"<="&$C$6)/COUNTIFS('Execução'!$I$7:$I$206,">="&$C$5,'Execução'!$I$7:$I$206,"<="&$C$6),"—") -> 1 | E12: ≥ 85% adequado · 70% a 84% atenção · < 70% crítico | F12: =IF(NOT(ISNUMBER(C12)),"—",IF(C12>=0.85,"Adequado",IF(C12>=0.7,"Atenção","Crítico"))) -> Adequado
A13: I-b | B13: Taxa de execução do PLAC — TEP (valor) | C13: =IFERROR(SUMIFS('Execução'!$H$7:$H$206,'Execução'!$I$7:$I$206,">="&$C$5,'Execução'!$I$7:$I$206,"<="&$C$6,'Execução'!$P$7:$P$206,">="&$C$5,'Execução'!$P$7:$P$206,"<="&$C$6)/SUMIFS('Execução'!$H$7:$H$206,'Execução'!$I$7:$I$206,">="&$C$5,'Execução'!$I$7:$I$206,"<="&$C$6),"—") -> 1 | E13: Complementar ao indicador I, ponderado pelo valor estimado
A14: II | B14: Índice de aderência ao Calendário — IAC | C14: =IFERROR(COUNTIFS('Execução'!$K$7:$K$206,">="&$C$5,'Execução'!$K$7:$K$206,"<="&$C$6,'Execução'!$R$7:$R$206,"Sim")/COUNTIFS('Execução'!$K$7:$K$206,">="&$C$5,'Execução'!$K$7:$K$206,"<="&$C$6),"—") -> 0 | E14: ≥ 90% adequado · 75% a 89% atenção · < 75% crítico | F14: =IF(NOT(ISNUMBER(C14)),"—",IF(C14>=0.9,"Adequado",IF(C14>=0.75,"Atenção","Crítico"))) -> Crítico
A15: III | B15: Índice de contratações não planejadas — ICNP | C15: =IFERROR(COUNTIFS('Alterações'!$B$7:$B$106,">="&$C$5,'Alterações'!$B$7:$B$106,"<="&$C$6,'Alterações'!$D$7:$D$106,"I - Inclusão*")/$C$8,"—") -> 0.008 | E15: ≤ 10% adequado · 11% a 20% atenção · > 20% crítico | F15: =IF(NOT(ISNUMBER(C15)),"—",IF(C15<=0.1,"Adequado",IF(C15<=0.2,"Atenção","Crítico"))) -> Adequado
A16: IV | B16: Índice de alterações do Plano — IAP | C16: =IFERROR(COUNTIFS('Alterações'!$B$7:$B$106,">="&$C$5,'Alterações'!$B$7:$B$106,"<="&$C$6)/$C$7,"—") -> 0.0083333333 | E16: ≤ 25% adequado · 26% a 40% atenção · > 40% crítico | F16: =IF(NOT(ISNUMBER(C16)),"—",IF(C16<=0.25,"Adequado",IF(C16<=0.4,"Atenção","Crítico"))) -> Adequado
A17: V | B17: Tempo médio de processamento — TMP (dias úteis) | C17: =IFERROR(AVERAGEIFS('Execução'!$S$7:$S$206,'Execução'!$P$7:$P$206,">="&$C$5,'Execução'!$P$7:$P$206,"<="&$C$6),"—") -> 150 | E17: Comparar com o Anexo III; desvio acima de 20% enseja revisão
A18: C-a | B18: Índice de devolução por instrução incompleta | C18: =IFERROR(COUNTIFS('Execução'!$L$7:$L$206,">="&$C$5,'Execução'!$L$7:$L$206,"<="&$C$6)/COUNTIFS('Execução'!$K$7:$K$206,">="&$C$5,'Execução'!$K$7:$K$206,"<="&$C$6),"—") -> 1 | E18: Indicador complementar — explica desvios do IAC e do TMP
A19: C-b | B19: Tempo médio de saneamento pela área (dias úteis) | C19: =IFERROR(AVERAGEIFS('Execução'!$V$7:$V$206,'Execução'!$M$7:$M$206,">="&$C$5,'Execução'!$M$7:$M$206,"<="&$C$6),"—") -> 5 | E19: Indicador complementar — mede a área requisitante
A20: C-c | B20: Tempo médio de análise jurídica (dias úteis) | C20: =IFERROR(AVERAGEIFS('Execução'!$W$7:$W$206,'Execução'!$O$7:$O$206,">="&$C$5,'Execução'!$O$7:$O$206,"<="&$C$6),"—") -> 15 | E20: Indicador complementar — mede a interface jurídica
B22: Tempo médio de processamento por forma de contratação
B23: Forma de contratação | C23: Concluídas | D23: TMP apurado | E23: Prazo Anexo III | F23: Desvio
B24: Pregão eletrônico | C24: =COUNTIFS('Execução'!$E$7:$E$206,$B24,'Execução'!$P$7:$P$206,">="&$C$5,'Execução'!$P$7:$P$206,"<="&$C$6) -> 1 | D24: =IFERROR(AVERAGEIFS('Execução'!$S$7:$S$206,'Execução'!$E$7:$E$206,$B24,'Execução'!$P$7:$P$206,">="&$C$5,'Execução'!$P$7:$P$206,"<="&$C$6),"—") -> 150 | E24: 140 | F24: =IF(NOT(ISNUMBER($D24)),"—",$D24-$E24) -> 10
B25: Dispensa tradicional | C25: =COUNTIFS('Execução'!$E$7:$E$206,$B25,'Execução'!$P$7:$P$206,">="&$C$5,'Execução'!$P$7:$P$206,"<="&$C$6) -> 0 | D25: =IFERROR(AVERAGEIFS('Execução'!$S$7:$S$206,'Execução'!$E$7:$E$206,$B25,'Execução'!$P$7:$P$206,">="&$C$5,'Execução'!$P$7:$P$206,"<="&$C$6),"—") -> — | E25: 92 | F25: =IF(NOT(ISNUMBER($D25)),"—",$D25-$E25) -> —
B26: Dispensa tradicional de baixo valor | C26: =COUNTIFS('Execução'!$E$7:$E$206,$B26,'Execução'!$P$7:$P$206,">="&$C$5,'Execução'!$P$7:$P$206,"<="&$C$6) -> 0 | D26: =IFERROR(AVERAGEIFS('Execução'!$S$7:$S$206,'Execução'!$E$7:$E$206,$B26,'Execução'!$P$7:$P$206,">="&$C$5,'Execução'!$P$7:$P$206,"<="&$C$6),"—") -> — | E26: 90 | F26: =IF(NOT(ISNUMBER($D26)),"—",$D26-$E26) -> —
B27: Dispensa de baixo valor - eletrônica | C27: =COUNTIFS('Execução'!$E$7:$E$206,$B27,'Execução'!$P$7:$P$206,">="&$C$5,'Execução'!$P$7:$P$206,"<="&$C$6) -> 0 | D27: =IFERROR(AVERAGEIFS('Execução'!$S$7:$S$206,'Execução'!$E$7:$E$206,$B27,'Execução'!$P$7:$P$206,">="&$C$5,'Execução'!$P$7:$P$206,"<="&$C$6),"—") -> — | E27: 81 | F27: =IF(NOT(ISNUMBER($D27)),"—",$D27-$E27) -> —
B28: Inexigibilidade | C28: =COUNTIFS('Execução'!$E$7:$E$206,$B28,'Execução'!$P$7:$P$206,">="&$C$5,'Execução'!$P$7:$P$206,"<="&$C$6) -> 0 | D28: =IFERROR(AVERAGEIFS('Execução'!$S$7:$S$206,'Execução'!$E$7:$E$206,$B28,'Execução'!$P$7:$P$206,">="&$C$5,'Execução'!$P$7:$P$206,"<="&$C$6),"—") -> — | E28: 88 | F28: =IF(NOT(ISNUMBER($D28)),"—",$D28-$E28) -> —
B29: Inexigibilidade - contratação de cursos | C29: =COUNTIFS('Execução'!$E$7:$E$206,$B29,'Execução'!$P$7:$P$206,">="&$C$5,'Execução'!$P$7:$P$206,"<="&$C$6) -> 0 | D29: =IFERROR(AVERAGEIFS('Execução'!$S$7:$S$206,'Execução'!$E$7:$E$206,$B29,'Execução'!$P$7:$P$206,">="&$C$5,'Execução'!$P$7:$P$206,"<="&$C$6),"—") -> — | E29: 20 | F29: =IF(NOT(ISNUMBER($D29)),"—",$D29-$E29) -> —
B30: Dispensa - contratos de locação | C30: =COUNTIFS('Execução'!$E$7:$E$206,$B30,'Execução'!$P$7:$P$206,">="&$C$5,'Execução'!$P$7:$P$206,"<="&$C$6) -> 0 | D30: =IFERROR(AVERAGEIFS('Execução'!$S$7:$S$206,'Execução'!$E$7:$E$206,$B30,'Execução'!$P$7:$P$206,">="&$C$5,'Execução'!$P$7:$P$206,"<="&$C$6),"—") -> — | E30: 40 | F30: =IF(NOT(ISNUMBER($D30)),"—",$D30-$E30) -> —
B31: Dispensa - energia elétrica | C31: =COUNTIFS('Execução'!$E$7:$E$206,$B31,'Execução'!$P$7:$P$206,">="&$C$5,'Execução'!$P$7:$P$206,"<="&$C$6) -> 0 | D31: =IFERROR(AVERAGEIFS('Execução'!$S$7:$S$206,'Execução'!$E$7:$E$206,$B31,'Execução'!$P$7:$P$206,">="&$C$5,'Execução'!$P$7:$P$206,"<="&$C$6),"—") -> — | E31: 37 | F31: =IF(NOT(ISNUMBER($D31)),"—",$D31-$E31) -> —
B32: Inexigibilidade - compartilhamento de infraestrutura | C32: =COUNTIFS('Execução'!$E$7:$E$206,$B32,'Execução'!$P$7:$P$206,">="&$C$5,'Execução'!$P$7:$P$206,"<="&$C$6) -> 0 | D32: =IFERROR(AVERAGEIFS('Execução'!$S$7:$S$206,'Execução'!$E$7:$E$206,$B32,'Execução'!$P$7:$P$206,">="&$C$5,'Execução'!$P$7:$P$206,"<="&$C$6),"—") -> — | E32: 59 | F32: =IF(NOT(ISNUMBER($D32)),"—",$D32-$E32) -> —
B33: Afastamento das regras de licitação (art. 117 do RELIC) | C33: =COUNTIFS('Execução'!$E$7:$E$206,$B33,'Execução'!$P$7:$P$206,">="&$C$5,'Execução'!$P$7:$P$206,"<="&$C$6) -> 0 | D33: =IFERROR(AVERAGEIFS('Execução'!$S$7:$S$206,'Execução'!$E$7:$E$206,$B33,'Execução'!$P$7:$P$206,">="&$C$5,'Execução'!$P$7:$P$206,"<="&$C$6),"—") -> — | E33: 87 | F33: =IF(NOT(ISNUMBER($D33)),"—",$D33-$E33) -> —
B35: Leitura obrigatória: o resultado numérico não é apresentado isoladamente. O Relatório Gerencial deve trazer a análise das causas dos desvios e as medidas de tratamento propostas (Anexo IV, item 5).

Sheet Execução
A1: CONTROLE DE EXECUÇÃO DO PLAC — GCC
A2: Uma linha por processo de contratação. Alimenta a apuração dos indicadores do Anexo IV da Diretriz do PLAC.
A6: Nº do item do PLAC | B6: Processo | C6: Diretoria | D6: Objeto (resumo) | E6: Forma de contratação | F6: Grau de prioridade | G6: Prevista no PLAC | H6: Valor estimado (R$) | I6: Data pretendida de assinatura | J6: Data-limite do Calendário | K6: Data de entrada na GCC | L6: Data de devolução à área | M6: Data de retorno da área | N6: Data de envio ao jurídico | O6: Data de retorno do jurídico | P6: Data de assinatura | Q6: Situação | R6: Entrou no prazo? | S6: Dias úteis GCC → assinatura | T6: Prazo Anexo III | U6: Desvio (dias úteis) | V6: Dias úteis de saneamento | W6: Dias úteis do jurídico
A7: 12 | B7: 0001/2027 | C7: 3000 - Diretoria Técnico-Operacional | D7: Manutenção de grupos geradores | E7: Pregão eletrônico | F7: Alto | G7: Sim | H7: 1200000 | I7: 46601 | J7: 46398 | K7: 46402 | L7: 46419 | M7: 46428 | N7: 46447 | O7: 46468 | P7: 46619 | Q7: Concluída | R7: =IF(OR(J7="",K7=""),"",IF(K7<=J7,"Sim","Não")) -> Não | S7: =IF(OR(K7="",P7=""),"",NETWORKDAYS(K7,P7,Listas!$O$4:$O$22)-1) -> 150 | T7: {=IFERROR(INDEX(Listas!$C$4:$C$13,MATCH(E7,Listas!$B$4:$B$13,0)),"")} -> 140 | U7: =IF(OR(S7="",T7=""),"",S7-T7) -> 10 | V7: =IF(OR(L7="",M7=""),"",NETWORKDAYS(L7,M7,Listas!$O$4:$O$22)-1) -> 5 | W7: =IF(OR(N7="",O7=""),"",NETWORKDAYS(N7,O7,Listas!$O$4:$O$22)-1) -> 15
R8: =IF(OR(J8="",K8=""),"",IF(K8<=J8,"Sim","Não")) | S8: =IF(OR(K8="",P8=""),"",NETWORKDAYS(K8,P8,Listas!$O$4:$O$22)-1) | T8: {=IFERROR(INDEX(Listas!$C$4:$C$13,MATCH(E8,Listas!$B$4:$B$13,0)),"")} | U8: =IF(OR(S8="",T8=""),"",S8-T8) | V8: =IF(OR(L8="",M8=""),"",NETWORKDAYS(L8,M8,Listas!$O$4:$O$22)-1) | W8: =IF(OR(N8="",O8=""),"",NETWORKDAYS(N8,O8,Listas!$O$4:$O$22)-1)
R9: =IF(OR(J9="",K9=""),"",IF(K9<=J9,"Sim","Não")) | S9: =IF(OR(K9="",P9=""),"",NETWORKDAYS(K9,P9,Listas!$O$4:$O$22)-1) | T9: {=IFERROR(INDEX(Listas!$C$4:$C$13,MATCH(E9,Listas!$B$4:$B$13,0)),"")} | U9: =IF(OR(S9="",T9=""),"",S9-T9) | V9: =IF(OR(L9="",M9=""),"",NETWORKDAYS(L9,M9,Listas!$O$4:$O$22)-1) | W9: =IF(OR(N9="",O9=""),"",NETWORKDAYS(N9,O9,Listas!$O$4:$O$22)-1)
R10: =IF(OR(J10="",K10=""),"",IF(K10<=J10,"Sim","Não")) | S10: =IF(OR(K10="",P10=""),"",NETWORKDAYS(K10,P10,Listas!$O$4:$O$22)-1) | T10: {=IFERROR(INDEX(Listas!$C$4:$C$13,MATCH(E10,Listas!$B$4:$B$13,0)),"")} | U10: =IF(OR(S10="",T10=""),"",S10-T10) | V10: =IF(OR(L10="",M10=""),"",NETWORKDAYS(L10,M10,Listas!$O$4:$O$22)-1) | W10: =IF(OR(N10="",O10=""),"",NETWORKDAYS(N10,O10,Listas!$O$4:$O$22)-1)
R11: =IF(OR(J11="",K11=""),"",IF(K11<=J11,"Sim","Não")) | S11: =IF(OR(K11="",P11=""),"",NETWORKDAYS(K11,P11,Listas!$O$4:$O$22)-1) | T11: {=IFERROR(INDEX(Listas!$C$4:$C$13,MATCH(E11,Listas!$B$4:$B$13,0)),"")} | U11: =IF(OR(S11="",T11=""),"",S11-T11) | V11: =IF(OR(L11="",M11=""),"",NETWORKDAYS(L11,M11,Listas!$O$4:$O$22)-1) | W11: =IF(OR(N11="",O11=""),"",NETWORKDAYS(N11,O11,Listas!$O$4:$O$22)-1)
R12: =IF(OR(J12="",K12=""),"",IF(K12<=J12,"Sim","Não")) | S12: =IF(OR(K12="",P12=""),"",NETWORKDAYS(K12,P12,Listas!$O$4:$O$22)-1) | T12: {=IFERROR(INDEX(Listas!$C$4:$C$13,MATCH(E12,Listas!$B$4:$B$13,0)),"")} | U12: =IF(OR(S12="",T12=""),"",S12-T12) | V12: =IF(OR(L12="",M12=""),"",NETWORKDAYS(L12,M12,Listas!$O$4:$O$22)-1) | W12: =IF(OR(N12="",O12=""),"",NETWORKDAYS(N12,O12,Listas!$O$4:$O$22)-1)
R13: =IF(OR(J13="",K13=""),"",IF(K13<=J13,"Sim","Não")) | S13: =IF(OR(K13="",P13=""),"",NETWORKDAYS(K13,P13,Listas!$O$4:$O$22)-1) | T13: {=IFERROR(INDEX(Listas!$C$4:$C$13,MATCH(E13,Listas!$B$4:$B$13,0)),"")} | U13: =IF(OR(S13="",T13=""),"",S13-T13) | V13: =IF(OR(L13="",M13=""),"",NETWORKDAYS(L13,M13,Listas!$O$4:$O$22)-1) | W13: =IF(OR(N13="",O13=""),"",NETWORKDAYS(N13,O13,Listas!$O$4:$O$22)-1)
R14: =IF(OR(J14="",K14=""),"",IF(K14<=J14,"Sim","Não")) | S14: =IF(OR(K14="",P14=""),"",NETWORKDAYS(K14,P14,Listas!$O$4:$O$22)-1) | T14: {=IFERROR(INDEX(Listas!$C$4:$C$13,MATCH(E14,Listas!$B$4:$B$13,0)),"")} | U14: =IF(OR(S14="",T14=""),"",S14-T14) | V14: =IF(OR(L14="",M14=""),"",NETWORKDAYS(L14,M14,Listas!$O$4:$O$22)-1) | W14: =IF(OR(N14="",O14=""),"",NETWORKDAYS(N14,O14,Listas!$O$4:$O$22)-1)
R15: =IF(OR(J15="",K15=""),"",IF(K15<=J15,"Sim","Não")) | S15: =IF(OR(K15="",P15=""),"",NETWORKDAYS(K15,P15,Listas!$O$4:$O$22)-1) | T15: {=IFERROR(INDEX(Listas!$C$4:$C$13,MATCH(E15,Listas!$B$4:$B$13,0)),"")} | U15: =IF(OR(S15="",T15=""),"",S15-T15) | V15: =IF(OR(L15="",M15=""),"",NETWORKDAYS(L15,M15,Listas!$O$4:$O$22)-1) | W15: =IF(OR(N15="",O15=""),"",NETWORKDAYS(N15,O15,Listas!$O$4:$O$22)-1)
R16: =IF(OR(J16="",K16=""),"",IF(K16<=J16,"Sim","Não")) | S16: =IF(OR(K16="",P16=""),"",NETWORKDAYS(K16,P16,Listas!$O$4:$O$22)-1) | T16: {=IFERROR(INDEX(Listas!$C$4:$C$13,MATCH(E16,Listas!$B$4:$B$13,0)),"")} | U16: =IF(OR(S16="",T16=""),"",S16-T16) | V16: =IF(OR(L16="",M16=""),"",NETWORKDAYS(L16,M16,Listas!$O$4:$O$22)-1) | W16: =IF(OR(N16="",O16=""),"",NETWORKDAYS(N16,O16,Listas!$O$4:$O$22)-1)
R17: =IF(OR(J17="",K17=""),"",IF(K17<=J17,"Sim","Não")) | S17: =IF(OR(K17="",P17=""),"",NETWORKDAYS(K17,P17,Listas!$O$4:$O$22)-1) | T17: {=IFERROR(INDEX(Listas!$C$4:$C$13,MATCH(E17,Listas!$B$4:$B$13,0)),"")} | U17: =IF(OR(S17="",T17=""),"",S17-T17) | V17: =IF(OR(L17="",M17=""),"",NETWORKDAYS(L17,M17,Listas!$O$4:$O$22)-1) | W17: =IF(OR(N17="",O17=""),"",NETWORKDAYS(N17,O17,Listas!$O$4:$O$22)-1)
R18: =IF(OR(J18="",K18=""),"",IF(K18<=J18,"Sim","Não")) | S18: =IF(OR(K18="",P18=""),"",NETWORKDAYS(K18,P18,Listas!$O$4:$O$22)-1) | T18: {=IFERROR(INDEX(Listas!$C$4:$C$13,MATCH(E18,Listas!$B$4:$B$13,0)),"")} | U18: =IF(OR(S18="",T18=""),"",S18-T18) | V18: =IF(OR(L18="",M18=""),"",NETWORKDAYS(L18,M18,Listas!$O$4:$O$22)-1) | W18: =IF(OR(N18="",O18=""),"",NETWORKDAYS(N18,O18,Listas!$O$4:$O$22)-1)
R19: =IF(OR(J19="",K19=""),"",IF(K19<=J19,"Sim","Não")) | S19: =IF(OR(K19="",P19=""),"",NETWORKDAYS(K19,P19,Listas!$O$4:$O$22)-1) | T19: {=IFERROR(INDEX(Listas!$C$4:$C$13,MATCH(E19,Listas!$B$4:$B$13,0)),"")} | U19: =IF(OR(S19="",T19=""),"",S19-T19) | V19: =IF(OR(L19="",M19=""),"",NETWORKDAYS(L19,M19,Listas!$O$4:$O$22)-1) | W19: =IF(OR(N19="",O19=""),"",NETWORKDAYS(N19,O19,Listas!$O$4:$O$22)-1)
... R206: =IF(OR(J206="",K206=""),"",IF(K206<=J206,"Sim","Não")) | S206: =IF(OR(K206="",P206=""),"",NETWORKDAYS(K206,P206,Listas!$O$4:$O$22)-1) | T206: {=IFERROR(INDEX(Listas!$C$4:$C$13,MATCH(E206,Listas!$B$4:$B$13,0)),"")} | U206: =IF(OR(S206="",T206=""),"",S206-T206) | V206: =IF(OR(L206="",M206=""),"",NETWORKDAYS(L206,M206,Listas!$O$4:$O$22)-1) | W206: =IF(OR(N206="",O206=""),"",NETWORKDAYS(N206,O206,Listas!$O$4:$O$22)-1)

Sheet Alterações
A1: REGISTRO DE ALTERAÇÕES DO PLAC
A2: Uma linha por alteração aprovada. Base de cálculo dos indicadores III e IV do Anexo IV.
A6: Nº | B6: Data da deliberação | C6: Item do PLAC afetado | D6: Hipótese do art. 34 | E6: Diretoria | F6: Objeto | G6: Justificativa resumida | H6: Impacto financeiro (R$) | I6: Instrumento de aprovação (ata REDIR)
A7: 1 | B7: 46464 | C7: Novo | D7: I - Inclusão de contratação não prevista | E7: 4000 - Diretoria Comercial | F7: Serviço de call center para atendimento comercial | G7: Demanda decorrente de novo contrato firmado com cliente em fevereiro de 2027. | H7: 480000 | I7: Ata REDIR nº 05/2027

Sheet Listas
B1: LISTAS AUXILIARES — não alterar sem comunicar a GCC
B3: Forma de contratação | C3: Prazo Anexo III (dias úteis) | E3: Diretoria | G3: Situação | I3: Grau de prioridade | K3: Hipótese do art. 34 | M3: Sim / Não | O3: Feriados (conferir anualmente)
B4: Pregão eletrônico | C4: 140 | E4: 1000 - Presidência | G4: Em instrução na GCC | I4: Alto | K4: I - Inclusão de contratação não prevista | M4: Sim | O4: 46272
B5: Dispensa tradicional | C5: 92 | E5: 2000 - Diretoria Administrativo-Financeira | G5: Devolvido à área | I5: Médio | K5: II - Exclusão de contratação prevista | M5: Não | O5: 46307
B6: Dispensa tradicional de baixo valor | C6: 90 | E6: 3000 - Diretoria Técnico-Operacional | G6: Em análise jurídica | I6: Baixo | K6: III - Redimensionamento de quantitativos ou valores | O6: 46328
B7: Dispensa de baixo valor - eletrônica | C7: 81 | E7: 4000 - Diretoria Comercial | G7: Em seleção do fornecedor | K7: IV - Alteração de data ou prazo | O7: 46341
B8: Inexigibilidade | C8: 88 | E8: 5000 - Diretoria de Governança | G8: Concluída | O8: 46346
B9: Inexigibilidade - contratação de cursos | C9: 20 | G9: Cancelada | O9: 46381
B10: Dispensa - contratos de locação | C10: 40 | O10: 46388
B11: Dispensa - energia elétrica | C11: 37 | O11: 46426
B12: Inexigibilidade - compartilhamento de infraestrutura | C12: 59 | O12: 46427
B13: Afastamento das regras de licitação (art. 117 do RELIC) | C13: 87 | O13: 46472
O14: 46498
O15: 46508
O16: 46534
O17: 46637
O18: 46672
O19: 46693
O20: 46706
O21: 46711
O22: 46746
