Workbook

Sheet PLAC 2027
A1: PLANO ANUAL DE CONTRATAÇÕES — PLAC 2027
A2: Levantamento das necessidades de contratação — Diretriz nº ___/2026, Anexo I
A3: Preencha uma linha por necessidade. Campos com * são obrigatórios. Células cinza são calculadas automaticamente — não preencher. Consulte a aba "Instruções".
S4: Totais → | T4: =SUM(T8:T67) -> 0 | U4: =SUM(U8:U67) -> 0 | V4: =SUM(V8:V67) -> 0 | W4: =SUM(W8:W67) -> 0 | X4: =SUM(X8:X67) -> 0 | Y4: =SUM(Y8:Y67) -> 0
A5: Bloco 1 — Identificação | G5: Bloco 2 — Objeto | N5: Bloco 3 — Vinculações | S5: Bloco 4 — Valores | AA5: Bloco 5 — Prazos e priorização | AM5: Bloco 6 — Uso da GCC
A6: Nº do item | B6: Diretoria * | C6: Gerência demandante * | D6: Responsável pelo registro * | E6: E-mail do responsável * | F6: Natureza * | G6: Objeto * | H6: Tipo do objeto * | I6: CATMAT / CATSER * | J6: Quantidade * | K6: Unidade * | L6: Justificativa da necessidade * | M6: Objetivo estratégico do PEI * | N6: Contrato vigente (nº e processo) | O6: Depende do item nº | P6: Projeto ou política pública | Q6: Sujeito a sigilo * | R6: Fundamento do sigilo | S6: Orçamento * | T6: Valor estimado 2027 (R$) * | U6: Valor estimado 2028 (R$) | V6: Valor estimado 2029 (R$) | W6: Valor estimado 2030 (R$) | X6: Valor estimado 2031 (R$) | Y6: Valor total estimado (R$) | Z6: Fonte da estimativa * | AA6: Forma de contratação pretendida * | AB6: Data pretendida de assinatura * | AC6: Prazo até a assinatura (dias úteis) | AD6: Data-limite de envio à GCC | AE6: F1 Criticidade * | AF6: F2 Descontinuidade * | AG6: F3 Obrigação legal * | AH6: F4 Materialidade * | AI6: Justificativa das notas * | AJ6: Pontuação | AK6: Grau de prioridade | AL6: Alerta de antecipação | AM6: Situação da análise | AN6: Agregado ao item nº | AO6: Observações da GCC
A7: EXEMPLO | B7: 3000 - Diretoria Técnico-Operacional | C7: 3600 - GERÊNCIA DE MANUTENÇÃO DA PLANTA | D7: Maria Souza | E7: maria.souza@telebras.com.br | F7: Prorrogação | G7: Manutenção preventiva e corretiva de grupos geradores das estações terrenas | H7: Serviço | I7: CATSER 3220 | J7: 1 | K7: Serviço anual | L7: Contrato vigente encerra em 31/08/2027. A ausência de manutenção compromete o fornecimento de energia de retaguarda das estações, com risco de interrupção do serviço. | M7: 6. Prover soluções robustas e resilientes para a segurança das infraestruturas governamentais | N7: Contrato 45/2023 — Processo 0001/2023 | P7: Programa de continuidade operacional | Q7: Não | S7: PDG - Programa de Dispêndios Globais | T7: 1200000 | U7: 1260000 | V7: 0 | W7: 0 | X7: 0 | Y7: =IF(COUNT(T7:X7)=0,"",SUM(T7:X7)) -> 2460000 | Z7: Contrato vigente reajustado pelo IPCA | AA7: Pregão eletrônico | AB7: 46601 | AC7: {=IFERROR(INDEX(Listas!$Q$4:$Q$13,MATCH($AA7,Listas!$P$4:$P$13,0)),"")} -> 140 | AD7: =IF(OR($AB7="",$AC7=""),"",WORKDAY($AB7,-$AC7,Listas!$U$4:$U$22)) -> 46398 | AE7: 5 | AF7: 5 | AG7: 3 | AH7: 3 | AI7: F1: energia de retaguarda das estações terrenas. F2: contrato expira sem possibilidade de prorrogação. F3: obrigação contratual sem prazo fatal. F4: valor na faixa intermediária. | AJ7: =IF(COUNT($AE7:$AH7)<4,"",$AE7*30+$AF7*30+$AG7*25+$AH7*15) -> 420 | AK7: =IF($AJ7="","",IF(OR($AG7=5,AND($AF7=5,$AE7>=3)),"Alto",IF(AND($AF7=5,$AJ7<240),"Médio",IF($AJ7>=380,"Alto",IF($AJ7>=240,"Médio","Baixo"))))) -> Alto | AL7: =IF($AD7="","",IF($AD7<DATE(2027,1,1),"Antecipar instrução para 2026",""))
A8: =IF(B8="","",ROW()-7) | Y8: =IF(COUNT(T8:X8)=0,"",SUM(T8:X8)) | AC8: {=IFERROR(INDEX(Listas!$Q$4:$Q$13,MATCH($AA8,Listas!$P$4:$P$13,0)),"")} | AD8: =IF(OR($AB8="",$AC8=""),"",WORKDAY($AB8,-$AC8,Listas!$U$4:$U$22)) | AJ8: =IF(COUNT($AE8:$AH8)<4,"",$AE8*30+$AF8*30+$AG8*25+$AH8*15) | AK8: =IF($AJ8="","",IF(OR($AG8=5,AND($AF8=5,$AE8>=3)),"Alto",IF(AND($AF8=5,$AJ8<240),"Médio",IF($AJ8>=380,"Alto",IF($AJ8>=240,"Médio","Baixo"))))) | AL8: =IF($AD8="","",IF($AD8<DATE(2027,1,1),"Antecipar instrução para 2026",""))
A9: =IF(B9="","",ROW()-7) | Y9: =IF(COUNT(T9:X9)=0,"",SUM(T9:X9)) | AC9: {=IFERROR(INDEX(Listas!$Q$4:$Q$13,MATCH($AA9,Listas!$P$4:$P$13,0)),"")} | AD9: =IF(OR($AB9="",$AC9=""),"",WORKDAY($AB9,-$AC9,Listas!$U$4:$U$22)) | AJ9: =IF(COUNT($AE9:$AH9)<4,"",$AE9*30+$AF9*30+$AG9*25+$AH9*15) | AK9: =IF($AJ9="","",IF(OR($AG9=5,AND($AF9=5,$AE9>=3)),"Alto",IF(AND($AF9=5,$AJ9<240),"Médio",IF($AJ9>=380,"Alto",IF($AJ9>=240,"Médio","Baixo"))))) | AL9: =IF($AD9="","",IF($AD9<DATE(2027,1,1),"Antecipar instrução para 2026",""))
A10: =IF(B10="","",ROW()-7) | Y10: =IF(COUNT(T10:X10)=0,"",SUM(T10:X10)) | AC10: {=IFERROR(INDEX(Listas!$Q$4:$Q$13,MATCH($AA10,Listas!$P$4:$P$13,0)),"")} | AD10: =IF(OR($AB10="",$AC10=""),"",WORKDAY($AB10,-$AC10,Listas!$U$4:$U$22)) | AJ10: =IF(COUNT($AE10:$AH10)<4,"",$AE10*30+$AF10*30+$AG10*25+$AH10*15) | AK10: =IF($AJ10="","",IF(OR($AG10=5,AND($AF10=5,$AE10>=3)),"Alto",IF(AND($AF10=5,$AJ10<240),"Médio",IF($AJ10>=380,"Alto",IF($AJ10>=240,"Médio","Baixo"))))) | AL10: =IF($AD10="","",IF($AD10<DATE(2027,1,1),"Antecipar instrução para 2026",""))
A11: =IF(B11="","",ROW()-7) | Y11: =IF(COUNT(T11:X11)=0,"",SUM(T11:X11)) | AC11: {=IFERROR(INDEX(Listas!$Q$4:$Q$13,MATCH($AA11,Listas!$P$4:$P$13,0)),"")} | AD11: =IF(OR($AB11="",$AC11=""),"",WORKDAY($AB11,-$AC11,Listas!$U$4:$U$22)) | AJ11: =IF(COUNT($AE11:$AH11)<4,"",$AE11*30+$AF11*30+$AG11*25+$AH11*15) | AK11: =IF($AJ11="","",IF(OR($AG11=5,AND($AF11=5,$AE11>=3)),"Alto",IF(AND($AF11=5,$AJ11<240),"Médio",IF($AJ11>=380,"Alto",IF($AJ11>=240,"Médio","Baixo"))))) | AL11: =IF($AD11="","",IF($AD11<DATE(2027,1,1),"Antecipar instrução para 2026",""))
A12: =IF(B12="","",ROW()-7) | Y12: =IF(COUNT(T12:X12)=0,"",SUM(T12:X12)) | AC12: {=IFERROR(INDEX(Listas!$Q$4:$Q$13,MATCH($AA12,Listas!$P$4:$P$13,0)),"")} | AD12: =IF(OR($AB12="",$AC12=""),"",WORKDAY($AB12,-$AC12,Listas!$U$4:$U$22)) | AJ12: =IF(COUNT($AE12:$AH12)<4,"",$AE12*30+$AF12*30+$AG12*25+$AH12*15) | AK12: =IF($AJ12="","",IF(OR($AG12=5,AND($AF12=5,$AE12>=3)),"Alto",IF(AND($AF12=5,$AJ12<240),"Médio",IF($AJ12>=380,"Alto",IF($AJ12>=240,"Médio","Baixo"))))) | AL12: =IF($AD12="","",IF($AD12<DATE(2027,1,1),"Antecipar instrução para 2026",""))
A13: =IF(B13="","",ROW()-7) | Y13: =IF(COUNT(T13:X13)=0,"",SUM(T13:X13)) | AC13: {=IFERROR(INDEX(Listas!$Q$4:$Q$13,MATCH($AA13,Listas!$P$4:$P$13,0)),"")} | AD13: =IF(OR($AB13="",$AC13=""),"",WORKDAY($AB13,-$AC13,Listas!$U$4:$U$22)) | AJ13: =IF(COUNT($AE13:$AH13)<4,"",$AE13*30+$AF13*30+$AG13*25+$AH13*15) | AK13: =IF($AJ13="","",IF(OR($AG13=5,AND($AF13=5,$AE13>=3)),"Alto",IF(AND($AF13=5,$AJ13<240),"Médio",IF($AJ13>=380,"Alto",IF($AJ13>=240,"Médio","Baixo"))))) | AL13: =IF($AD13="","",IF($AD13<DATE(2027,1,1),"Antecipar instrução para 2026",""))
A14: =IF(B14="","",ROW()-7) | Y14: =IF(COUNT(T14:X14)=0,"",SUM(T14:X14)) | AC14: {=IFERROR(INDEX(Listas!$Q$4:$Q$13,MATCH($AA14,Listas!$P$4:$P$13,0)),"")} | AD14: =IF(OR($AB14="",$AC14=""),"",WORKDAY($AB14,-$AC14,Listas!$U$4:$U$22)) | AJ14: =IF(COUNT($AE14:$AH14)<4,"",$AE14*30+$AF14*30+$AG14*25+$AH14*15) | AK14: =IF($AJ14="","",IF(OR($AG14=5,AND($AF14=5,$AE14>=3)),"Alto",IF(AND($AF14=5,$AJ14<240),"Médio",IF($AJ14>=380,"Alto",IF($AJ14>=240,"Médio","Baixo"))))) | AL14: =IF($AD14="","",IF($AD14<DATE(2027,1,1),"Antecipar instrução para 2026",""))
A15: =IF(B15="","",ROW()-7) | Y15: =IF(COUNT(T15:X15)=0,"",SUM(T15:X15)) | AC15: {=IFERROR(INDEX(Listas!$Q$4:$Q$13,MATCH($AA15,Listas!$P$4:$P$13,0)),"")} | AD15: =IF(OR($AB15="",$AC15=""),"",WORKDAY($AB15,-$AC15,Listas!$U$4:$U$22)) | AJ15: =IF(COUNT($AE15:$AH15)<4,"",$AE15*30+$AF15*30+$AG15*25+$AH15*15) | AK15: =IF($AJ15="","",IF(OR($AG15=5,AND($AF15=5,$AE15>=3)),"Alto",IF(AND($AF15=5,$AJ15<240),"Médio",IF($AJ15>=380,"Alto",IF($AJ15>=240,"Médio","Baixo"))))) | AL15: =IF($AD15="","",IF($AD15<DATE(2027,1,1),"Antecipar instrução para 2026",""))
A16: =IF(B16="","",ROW()-7) | Y16: =IF(COUNT(T16:X16)=0,"",SUM(T16:X16)) | AC16: {=IFERROR(INDEX(Listas!$Q$4:$Q$13,MATCH($AA16,Listas!$P$4:$P$13,0)),"")} | AD16: =IF(OR($AB16="",$AC16=""),"",WORKDAY($AB16,-$AC16,Listas!$U$4:$U$22)) | AJ16: =IF(COUNT($AE16:$AH16)<4,"",$AE16*30+$AF16*30+$AG16*25+$AH16*15) | AK16: =IF($AJ16="","",IF(OR($AG16=5,AND($AF16=5,$AE16>=3)),"Alto",IF(AND($AF16=5,$AJ16<240),"Médio",IF($AJ16>=380,"Alto",IF($AJ16>=240,"Médio","Baixo"))))) | AL16: =IF($AD16="","",IF($AD16<DATE(2027,1,1),"Antecipar instrução para 2026",""))
A17: =IF(B17="","",ROW()-7) | Y17: =IF(COUNT(T17:X17)=0,"",SUM(T17:X17)) | AC17: {=IFERROR(INDEX(Listas!$Q$4:$Q$13,MATCH($AA17,Listas!$P$4:$P$13,0)),"")} | AD17: =IF(OR($AB17="",$AC17=""),"",WORKDAY($AB17,-$AC17,Listas!$U$4:$U$22)) | AJ17: =IF(COUNT($AE17:$AH17)<4,"",$AE17*30+$AF17*30+$AG17*25+$AH17*15) | AK17: =IF($AJ17="","",IF(OR($AG17=5,AND($AF17=5,$AE17>=3)),"Alto",IF(AND($AF17=5,$AJ17<240),"Médio",IF($AJ17>=380,"Alto",IF($AJ17>=240,"Médio","Baixo"))))) | AL17: =IF($AD17="","",IF($AD17<DATE(2027,1,1),"Antecipar instrução para 2026",""))
A18: =IF(B18="","",ROW()-7) | Y18: =IF(COUNT(T18:X18)=0,"",SUM(T18:X18)) | AC18: {=IFERROR(INDEX(Listas!$Q$4:$Q$13,MATCH($AA18,Listas!$P$4:$P$13,0)),"")} | AD18: =IF(OR($AB18="",$AC18=""),"",WORKDAY($AB18,-$AC18,Listas!$U$4:$U$22)) | AJ18: =IF(COUNT($AE18:$AH18)<4,"",$AE18*30+$AF18*30+$AG18*25+$AH18*15) | AK18: =IF($AJ18="","",IF(OR($AG18=5,AND($AF18=5,$AE18>=3)),"Alto",IF(AND($AF18=5,$AJ18<240),"Médio",IF($AJ18>=380,"Alto",IF($AJ18>=240,"Médio","Baixo"))))) | AL18: =IF($AD18="","",IF($AD18<DATE(2027,1,1),"Antecipar instrução para 2026",""))
A19: =IF(B19="","",ROW()-7) | Y19: =IF(COUNT(T19:X19)=0,"",SUM(T19:X19)) | AC19: {=IFERROR(INDEX(Listas!$Q$4:$Q$13,MATCH($AA19,Listas!$P$4:$P$13,0)),"")} | AD19: =IF(OR($AB19="",$AC19=""),"",WORKDAY($AB19,-$AC19,Listas!$U$4:$U$22)) | AJ19: =IF(COUNT($AE19:$AH19)<4,"",$AE19*30+$AF19*30+$AG19*25+$AH19*15) | AK19: =IF($AJ19="","",IF(OR($AG19=5,AND($AF19=5,$AE19>=3)),"Alto",IF(AND($AF19=5,$AJ19<240),"Médio",IF($AJ19>=380,"Alto",IF($AJ19>=240,"Médio","Baixo"))))) | AL19: =IF($AD19="","",IF($AD19<DATE(2027,1,1),"Antecipar instrução para 2026",""))
... A67: =IF(B67="","",ROW()-7) | Y67: =IF(COUNT(T67:X67)=0,"",SUM(T67:X67)) | AC67: {=IFERROR(INDEX(Listas!$Q$4:$Q$13,MATCH($AA67,Listas!$P$4:$P$13,0)),"")} | AD67: =IF(OR($AB67="",$AC67=""),"",WORKDAY($AB67,-$AC67,Listas!$U$4:$U$22)) | AJ67: =IF(COUNT($AE67:$AH67)<4,"",$AE67*30+$AF67*30+$AG67*25+$AH67*15) | AK67: =IF($AJ67="","",IF(OR($AG67=5,AND($AF67=5,$AE67>=3)),"Alto",IF(AND($AF67=5,$AJ67<240),"Médio",IF($AJ67>=380,"Alto",IF($AJ67>=240,"Médio","Baixo"))))) | AL67: =IF($AD67="","",IF($AD67<DATE(2027,1,1),"Antecipar instrução para 2026",""))

Sheet Instruções
B2: COMO PREENCHER O LEVANTAMENTO DE NECESSIDADES DO PLAC 2027
B4: Antes de começar
B5: 1. Prazo de preenchimento | C5: Observe a data de encerramento do registro fixada no Cronograma Operacional divulgado pela GCC.
B6: 2. Uma linha por necessidade | C6: Não agrupe objetos diferentes na mesma linha. A agregação de demandas de mesma natureza é feita pela GCC.
B7: 3. Campos obrigatórios | C7: Estão marcados com asterisco (*) no cabeçalho. Registro incompleto é devolvido para complementação.
B8: 4. Não preencha as células cinza | C8: São calculadas automaticamente. As células verdes são de uso exclusivo da GCC.
B9: 5. Apague a linha de exemplo | C9: A linha em amarelo é demonstrativa e deve ser excluída antes do envio.
B11: Legenda de cores
B12: Branco | C12: Campo de preenchimento pela área demandante.
B13: Cinza | C13: Campo calculado automaticamente pela planilha.
B14: Verde | C14: Campo de uso exclusivo da GCC.
B15: Amarelo | C15: Linha de exemplo, a ser excluída.
B16: Vermelho na coluna de alerta | C16: A data-limite de envio recai antes de 2027: a instrução deve ser antecipada ou a data pretendida ajustada.
B18: Como a planilha calcula
B19: Data-limite de envio à GCC | C19: Data pretendida de assinatura menos o prazo de processamento da forma de contratação escolhida, contado em dias úteis e descontados os feriados (Anexo III, item 5).
B20: Pontuação | C20: (F1 × 30) + (F2 × 30) + (F3 × 25) + (F4 × 15), conforme o Anexo II, item 4.
B21: Grau de prioridade | C21: Alto de 380 a 500; Médio de 240 a 379; Baixo de 100 a 239. A classificação é elevada a Alto quando F3 = 5, ou quando F2 = 5 e F1 for 3 ou 5; e nunca será Baixo quando F2 = 5 (Anexo II, itens 5 a 7).
B23: Como atribuir as notas dos fatores (Anexo II)
B24: F1 — Criticidade para a atividade-fim | C24: 5: indispensável à operação da rede ou à prestação dos serviços. 3: apoio relevante à atividade-fim ou a projeto institucional. 1: objeto administrativo ou de suporte.
B25: F2 — Risco de descontinuidade | C25: 5: contrato expira em 2027 sem prorrogação, ou esgotamento previsto de estoque ou capacidade. 3: há contrato prorrogável ou alternativa temporária. 1: contratação nova ou ampliação.
B26: F3 — Obrigação legal, regulatória ou contratual | C26: 5: obrigação com prazo definido em 2027, inclusive determinação de órgão de controle. 3: obrigação sem prazo fatal ou recomendação de controle. 1: contratação discricionária.
B27: F4 — Materialidade | C27: 5: entre os 10% maiores valores do PLAC. 3: entre os 40% seguintes. 1: entre os 50% menores. Na dúvida, informe 3; a GCC confirma na consolidação.
B29: Observações finais
B30: Sigilo | C30: Se a necessidade envolver informação sigilosa, comercial, industrial ou estratégica, marque "Sim" e indique o fundamento. O item não será divulgado.
B31: Prorrogações | C31: Informe obrigatoriamente o número do contrato e do processo. Prorrogação também é contratação e integra o PLAC.
B32: Planilha protegida | C32: A proteção não tem senha e serve apenas para evitar alteração acidental das fórmulas. Em caso de dúvida, procure a GCC.

Sheet Listas
B1: LISTAS AUXILIARES — não alterar sem comunicar a GCC
B3: Diretoria | D3: Gerência | F3: Objetivos Estratégicos do PEI | H3: Natureza | J3: Tipo do objeto | L3: Orçamento | N3: Sim / Não | P3: Forma de contratação | Q3: Prazo até a assinatura (dias úteis) — Anexo III | S3: Notas dos fatores | U3: Feriados (conferir anualmente)
B4: 1000 - Presidência | D4: 110 - CONSELHO DE ADMINISTRAÇÃO | F4: 1. Fortalecer uma cultura de agilidade e engajamento, com a valorização dos talentos para sustentar os conhecimentos e as competências organizacionais | H4: Nova contratação | J4: Bem | L4: OI - Orçamento de Investimento | N4: Não | P4: Pregão eletrônico | Q4: 140 | S4: 5 | U4: 46272
B5: 2000 - Diretoria Administrativo-Financeira | D5: 111 - GERÊNCIA DE AUDITORIA INTERNA | F5: 2. Otimizar a estrutura organizacional e os processos empresariais, visando efetividade, qualidade e aderência às boas práticas ambientais, sociais e de governança | H5: Prorrogação | J5: Serviço | L5: PDG - Programa de Dispêndios Globais | N5: Sim | P5: Dispensa tradicional | Q5: 92 | S5: 3 | U5: 46307
B6: 3000 - Diretoria Técnico-Operacional | D6: 112 - OUVIDORIA | F6: 3. Promover inovação, com soluções avançadas e adaptáveis às exigências de um mercado dinâmico | H6: Renovação | J6: Serviço de engenharia | L6: Não previsto | P6: Dispensa tradicional de baixo valor | Q6: 90 | S6: 1 | U6: 46328
B7: 4000 - Diretoria Comercial | D7: 120 - CONSELHO FISCAL | F7: 4. Aprimorar continuamente a satisfação dos clientes, fornecendo soluções ágeis de alta qualidade que atendam às suas necessidades | J7: Solução de TIC | P7: Dispensa de baixo valor - eletrônica | Q7: 81 | U7: 46341
B8: 5000 - Diretoria de Governança | D8: 1100 - GABINETE DA PRESIDENCIA | F8: 5. Executar as Políticas Públicas de Inclusão e Transformação Digital, assegurando a Conectividade Significativa à Internet | P8: Inexigibilidade | Q8: 88 | U8: 46346
D9: 1200 - GERÊNCIA JURIDICA | F9: 6. Prover soluções robustas e resilientes para a segurança das infraestruturas governamentais | P9: Inexigibilidade - contratação de cursos | Q9: 20 | U9: 46381
D10: 1300 - UNIDADE CORRECIONAL | F10: 7. Assegurar a sustentabilidade econômico-financeira, por meio de uma gestão eficiente dos recursos e da diversificação de receitas | P10: Dispensa - contratos de locação | Q10: 40 | U10: 46388
D11: 2100 - ASSESSORIA DE RELAÇÕES COM INVESTIDORES | P11: Dispensa - energia elétrica | Q11: 37 | U11: 46426
D12: 2200 - GERÊNCIA DE LOGÍSTICA | P12: Inexigibilidade - compartilhamento de infraestrutura | Q12: 59 | U12: 46427
D13: 2300 - GERÊNCIA FINANCEIRA E ORCAMENTARIA | P13: Afastamento das regras de licitação (art. 117 do RELIC) | Q13: 87 | U13: 46472
D14: 2400 - GERÊNCIA DE CONTABILIDADE | U14: 46498
D15: 2500 - GERÊNCIA DE GESTÃO DE PESSOAS | U15: 46508
D16: 2600 - GERÊNCIA DE COMPRAS E CONTRATOS | U16: 46534
D17: 3100 - GERÊNCIA DE PROJ. ESPECIAIS E INOVAÇÃO | U17: 46637
D18: 3200 - GERÊNCIA DE PLANEJAMENTO TÉCNICO E CONTROLE | U18: 46672
D19: 3300 - GERÊNCIA DE ENGENHARIA DE CLIENTES | U19: 46693
D20: 3400 - GERÊNCIA DE ENGENHARIA DE REDES E PLATAFORMAS | U20: 46706
D21: 3500 - GERÊNCIA DE OPERAÇÃO DE REDES E SERVIÇOS | U21: 46711
D22: 3600 - GERÊNCIA DE MANUTENÇÃO DA PLANTA | U22: 46746
D23: 3700 - GERÊNCIA DE TECNOLOGIA DA INFORMACÃO
D24: 3810 - GERÊNCIA DE TECNOLOGIA E SOLUCÕES SATELITAIS
D25: 3820 - GERÊNCIA DE ENGENHARIA E OPERACÃO DE SATÉLITES
D26: 4500 - GERÊNCIA DE RELAC OPERADORAS E PARCEIROS
D27: 4600 - GERÊNCIA DE OPERAÇÕES COMERCIAIS
D28: 4710 - ESCRITÓRIO REGIONAL FORTALEZA
D29: 4740 - ESCRITÓRIO REGIONAL BELEM
D30: 4750 - ESCRITÓRIO REGIONAL SÃO PAULO
D31: 4761 - ESCRITÓRIO REGIONAL RIO DE JANEIRO
D32: 4770 - ESCRITÓRIO REGIONAL PORTO ALEGRE
D33: 4800 - GERÊNCIA DE PLANEJAMENTO E MARKETING
D34: 4900 - GERÊNCIA DE INCLUSÃO DIGITAL
... D37: 5200 - GERÊNCIA DE GESTÃO EMPRESARIAL
